{
  "Gen1_FixedSGD": {
    "best_acc": 85.87499856948853,
    "milestones": {
      "80": [
        5,
        0.9307310581207275
      ],
      "82": [
        7,
        1.0072040557861328
      ],
      "84": [
        8,
        1.045337200164795
      ],
      "85": [
        15,
        1.3114550113677979
      ]
    },
    "time": 3.773113250732422,
    "gen": "G1"
  },
  "Gen2_CosineSGD": {
    "best_acc": 83.1250011920929,
    "milestones": {
      "80": [
        5,
        0.20030593872070312
      ],
      "82": [
        21,
        0.8335249423980713
      ]
    },
    "time": 3.1554229259490967,
    "gen": "G2"
  },
  "Gen2_SGDR": {
    "best_acc": 85.81249713897705,
    "milestones": {
      "80": [
        4,
        0.15601825714111328
      ],
      "82": [
        8,
        0.30913710594177246
      ],
      "84": [
        11,
        0.4238121509552002
      ],
      "85": [
        24,
        0.9270031452178955
      ]
    },
    "time": 3.0797171592712402,
    "gen": "G2"
  },
  "Gen3_Adam": {
    "best_acc": 85.87499856948853,
    "milestones": {
      "80": [
        6,
        0.3624711036682129
      ],
      "82": [
        7,
        0.42058587074279785
      ],
      "84": [
        11,
        0.6572511196136475
      ],
      "85": [
        14,
        0.8358631134033203
      ]
    },
    "time": 4.727783203125,
    "gen": "G3"
  },
  "Gen3_AdamW": {
    "best_acc": 85.6249988079071,
    "milestones": {
      "80": [
        6,
        0.35096096992492676
      ],
      "82": [
        7,
        0.40840792655944824
      ],
      "84": [
        13,
        0.7515418529510498
      ],
      "85": [
        14,
        0.8096401691436768
      ]
    },
    "time": 4.587741136550903,
    "gen": "G3"
  },
  "Gen3_AdaBound": {
    "best_acc": 86.06250286102295,
    "milestones": {
      "80": [
        9,
        0.5452420711517334
      ],
      "82": [
        10,
        0.6055638790130615
      ],
      "84": [
        13,
        0.7855620384216309
      ],
      "85": [
        14,
        0.8452990055084229
      ],
      "86": [
        24,
        1.4463858604431152
      ]
    },
    "time": 4.803183078765869,
    "gen": "G3"
  },
  "Gen4_LARS": {
    "best_acc": 86.43749952316284,
    "milestones": {
      "80": [
        7,
        0.3993089199066162
      ],
      "82": [
        8,
        0.45598912239074707
      ],
      "84": [
        9,
        0.5128109455108643
      ],
      "85": [
        10,
        0.5692930221557617
      ],
      "86": [
        14,
        0.7956581115722656
      ]
    },
    "time": 4.48418402671814,
    "gen": "G4"
  },
  "Gen4_Discriminative": {
    "best_acc": 83.1250011920929,
    "milestones": {
      "80": [
        5,
        0.20464515686035156
      ],
      "82": [
        21,
        0.8455650806427002
      ]
    },
    "time": 3.221903085708618,
    "gen": "G4"
  },
  "Gen5_RAdam": {
    "best_acc": 85.50000190734863,
    "milestones": {
      "80": [
        10,
        0.5373492240905762
      ],
      "82": [
        12,
        0.644355058670044
      ],
      "84": [
        20,
        1.0722429752349854
      ],
      "85": [
        21,
        1.1256229877471924
      ]
    },
    "time": 4.266196012496948,
    "gen": "G5"
  },
  "Gen5_Lion": {
    "best_acc": 83.74999761581421,
    "milestones": {
      "80": [
        9,
        0.4173588752746582
      ],
      "82": [
        11,
        0.5089800357818604
      ]
    },
    "time": 3.6779720783233643,
    "gen": "G5"
  },
  "Gen5_Lookahead": {
    "best_acc": 85.56249737739563,
    "milestones": {
      "80": [
        10,
        0.565993070602417
      ],
      "82": [
        11,
        0.6216192245483398
      ],
      "84": [
        20,
        1.1253292560577393
      ],
      "85": [
        33,
        1.853762149810791
      ]
    },
    "time": 4.556138038635254,
    "gen": "G5"
  },
  "Gen5_SAM": {
    "best_acc": 83.43750238418579,
    "milestones": {
      "80": [
        7,
        0.5138881206512451
      ],
      "82": [
        29,
        1.6820769309997559
      ]
    },
    "time": 4.340683937072754,
    "gen": "G5"
  },
  "Gen5_Grokfast": {
    "best_acc": 85.87499856948853,
    "milestones": {
      "80": [
        8,
        0.39231419563293457
      ],
      "82": [
        9,
        0.4430220127105713
      ],
      "84": [
        10,
        0.4877791404724121
      ],
      "85": [
        11,
        0.531386137008667
      ]
    },
    "time": 3.6727941036224365,
    "gen": "G5"
  },
  "Gen5_STLR": {
    "best_acc": 83.24999809265137,
    "milestones": {
      "80": [
        12,
        0.4849677085876465
      ],
      "82": [
        16,
        0.643028974533081
      ]
    },
    "time": 3.1965696811676025,
    "gen": "G5"
  },
  "SOTA_SAM_Discrim": {
    "best_acc": 83.24999809265137,
    "milestones": {
      "80": [
        12,
        0.6257038116455078
      ],
      "82": [
        16,
        0.8259539604187012
      ]
    },
    "time": 4.0948779582977295,
    "gen": "SOTA"
  },
  "SOTA_DALS_V3": {
    "best_acc": 86.06250286102295,
    "milestones": {
      "80": [
        4,
        0.30125904083251953
      ],
      "82": [
        5,
        0.375262975692749
      ],
      "84": [
        9,
        0.6724591255187988
      ],
      "85": [
        9,
        0.6724591255187988
      ],
      "86": [
        38,
        2.8390650749206543
      ]
    },
    "time": 6.0161638259887695,
    "gen": "SOTA"
  }
}